时间 t (s),浮子位移 x1 (m),振子位移 x2 (m),浮子速度 v1 (m/s),振子速度 v2 (m/s)
0,0,0,0,0
0.2,0.017426367668506436,0.0054939483477774356,0.1596840862404046,0.07966130737414405
0.4,0.05848804096625961,0.03714635004951331,0.23996780166581302,0.23648249781035666
0.6000000000000001,0.10985221855667353,0.09569430306050385,0.2657201574113553,0.33133796715348307
0.8,0.16137760338355073,0.16211879954965694,0.24000287715509008,0.3151853110734362
1,0.20168781597833052,0.21579129228455873,0.15234908994042554,0.20941397853734134
1.2000000000000002,0.21830981090077828,0.2419440809346197,0.005273327920541089,0.044167111942949866
1.4000000000000001,0.20124024010088698,0.23097057572467197,-0.179829381,-0.158240829
1.6,0.14594031774881083,0.1778474600597288,-0.371471219,-0.372321492
1.8,0.05441621866512171,0.08351194643497385,-0.53675816,-0.564287339
2,-0.065015393,-0.044004545,-0.646047295,-0.698562417
2.2,-0.198706522,-0.190138497,-0.676228765,-0.746647087
2.4000000000000004,-0.329328793,-0.335814444,-0.614170675,-0.692488781
2.6,-0.438167874,-0.46018425,-0.459472595,-0.534585001
2.8000000000000003,-0.50779461,-0.543591738,-0.225344979,-0.286290856
3,-0.524690254,-0.570449133,0.06270695051508858,0.025417924997071628
3.2,-0.481414702,-0.531684303,0.37005822607544153,0.3630357830902686
3.4000000000000004,-0.377998447,-0.426389438,0.6574560494531572,0.6833371658131112
3.6,-0.22235323,-0.262392581,0.8862378113370916,0.9431945714486131
3.8000000000000003,-0.029621208,-0.05563944,1.0236057101690328,1.1055124007059915
4,0.179475493028028,0.17155167921277154,1.0472362086573597,1.1444266209458076
4.2,0.38108636890756875,0.3931426481082839,0.94857973533515,1.049082078589529
4.4,0.5511708163516397,0.5825959272654504,0.7343755510343157,0.8254674094478278
4.6000000000000005,0.6685409224509308,0.7162445164205156,0.4261568746389974,0.4960470092163922
4.800000000000001,0.7176058853556821,0.7763647236332202,0.05780425232326253,0.09719703568016971
5,0.6904556428863158,0.7535443573270757,-0.328548974,-0.325209009
5.2,0.5880039963194216,0.6480278190605575,-0.687723533,-0.72149718
5.4,0.42003493345267046,0.46985528410829946,-0.977133888,-1.044421292
5.6000000000000005,0.2041396202506723,0.23777157659740486,-1.162121716,-1.255109223
5.800000000000001,-0.03632562,-0.022961223,-1.220297192,-1.32794672
6,-0.274999491,-0.283566955,-1.144314734,-1.253775265
6.2,-0.485646133,-0.515193262,-0.942750429,-1.040987706
6.4,-0.64525875,-0.692345913,-0.638972889,-0.714407444
6.6000000000000005,-0.736749988,-0.79589019,-0.268169823,-0.312121401
6.800000000000001,-0.75089391,-0.815244423,0.12705164414041056,0.11932534503180722
7,-0.687292983,-0.749505586,0.5019286339705472,0.5307018782522479
7.2,-0.554263209,-0.607382024,0.8149704396228827,0.8761021240721886
7.4,-0.367674741,-0.40596676,1.0328662957568542,1.1184125640831333
7.6000000000000005,-0.148915434,-0.16852974,1.1342599831568119,1.2335577251940368
7.800000000000001,0.07774929555874374,0.07837365704515857,1.11194602702252,1.213008034889262
8,0.28807429558363007,0.3080963115637553,0.9732437327747291,1.064292329123091
8.200000000000001,0.4606261081148974,0.49699267582726114,0.7385728778404771,0.809489520221527
8.4,0.5791270437116571,0.6270296675179925,0.43845891916052393,0.4819778756126766
8.6,0.6340778895392426,0.6876095391707205,0.10941229344874126,0.12190528264439061
8.8,0.6234914591524793,0.6764119722521199,-0.210753698,-0.228984945
9,0.5526848853020191,0.5991924610999037,-0.487539556,-0.532492738
9.200000000000001,0.43320486812527975,0.46861401029320593,-0.693729469,-0.758392181
9.4,0.2810651913923997,0.30230859150491185,-0.812227748,-0.88762765
9.600000000000001,0.11455744793197294,0.12045495495620402,-0.837455572,-0.913911569
9.8,-0.048062733,-0.056791553,-0.77519841,-0.843599324
10,-0.190710652,-0.21167812,-0.641008192,-0.693952587
10.200000000000001,-0.301167356,-0.330749828,-0.457458429,-0.490098881
10.4,-0.372145679,-0.406046618,-0.250679737,-0.261175643
10.600000000000001,-0.401632926,-0.435493971,-0.046687316,-0.036228286
10.8,-0.392522282,-0.422496409,0.13198729159227013,0.15957461218846536
11,-0.351638428,-0.374848689,0.2689155659436755,0.3079019177333399
11.200000000000001,-0.288341743,-0.303169002,0.35532970193793356,0.39903566294363907
11.4,-0.212941183,-0.219111525,0.3904666874488771,0.43228882924286993
11.600000000000001,-0.135158689,-0.133630681,0.38072956498466115,0.4150911679385666
11.8,-0.062864183,-0.055544944,0.3378660506415936,0.3609583194656336
12,-0.001246247,0.009411218336062791,0.27649695064249946,0.28671258561887303
12.200000000000001,0.04749192948577077,0.0589426817575924,0.21140683651394435,0.20941604881362821
12.4,0.08390690031687016,0.09394732614152762,0.15502609247979185,0.1434991277110426
12.600000000000001,0.1106373684291481,0.11775208195275996,0.11548677149649038,0.098518685045205
12.8,0.1314196738394073,0.13499119766819867,0.09553171240007188,0.0778682298446829
13,0.14998323628035098,0.15033756871036177,0.09241747631348493,0.0786067324386307
13.200000000000001,0.169025901506939,0.16731187067572623,0.09879224971049835,0.09239438611733922
13.4,0.18944924475846853,0.18737595816856906,0.10437874346396649,0.10735512129349489
13.600000000000001,0.20998733440143116,0.20946559218024283,0.0981689253320176,0.11054470251996473
13.8,0.2272953365530537,0.23004308656375155,0.07076270560211466,0.09060902871631173
14,0.23648751724996409,0.24366450014352736,0.01645971636329311,0.040199087874460984
14.200000000000001,0.2320392543735139,0.2439712014148036,-0.065244096,-0.04225918
14.4,0.20890637642244742,0.2249451695525411,-0.169012929,-0.151736901
14.600000000000001,0.1636761167565497,0.18222149765462614,-0.284007308,-0.276869816
14.8,0.09555369077114166,0.11423722617617821,-0.395174745,-0.401309414
15,0.007008268599377636,0.023016027966865103,-0.4853253,-0.505975971
15.200000000000001,-0.096050701,-0.085563179,-0.537694835,-0.571896077
15.4,-0.204627937,-0.202088475,-0.538624021,-0.583203842
15.600000000000001,-0.3075104,-0.314517203,-0.479948709,-0.52986525
15.8,-0.392553288,-0.409559676,-0.360733019,-0.409703965
16,-0.448222478,-0.474369782,-0.188062627,-0.229401007
16.2,-0.465187341,-0.498316171,0.023257648503234012,-0.00428376
16.400000000000002,-0.437741918,-0.47458737,0.2521051991178833,0.24311294050919038
16.6,-0.364847405,-0.401397769,0.47338743836789476,0.48555895384878534
16.8,-0.250633485,-0.282608833,0.661049092627113,0.6944027597832162
17,-0.104263869,-0.127653187,0.7913515647981525,0.8431896329143544
17.2,0.060845013094995834,0.049258876174814364,0.8459913656860342,0.9111429878656572
17.400000000000002,0.22837834061682136,0.23057681446112938,0.8146409856241148,0.8860407491188855
17.6,0.3808967401491238,0.39732696942155143,0.6965608355860485,0.7660875546209867
17.8,0.5018196357253402,0.531281435896205,0.501048230193155,0.5605241200208446
18,0.5773735789023269,0.6171111623475093,0.24664509370769355,0.288857019756729
18.2,0.5982634644687975,0.6442531548055644,-0.040821927,-0.021203129
18.400000000000002,0.5608532193012417,0.6082536088905447,-0.33113114,-0.336863257
18.6,0.4677039483632037,0.511413142086334,-0.593137125,-0.624034694
18.8,0.3273953673734587,0.36264637927888993,-0.798391334,-0.851321078
19,0.15364540563448192,0.17656578796336259,-0.924466307,-0.993706095
19.200000000000003,-0.036169779,-0.028104242,-0.957565914,-1.035489932
19.400000000000002,-0.222920129,-0.230592689,-0.894111233,-0.972103586
19.6,-0.387822348,-0.41037975,-0.741106522,-0.810590405
19.8,-0.514488945,-0.549451751,-0.515255334,-0.56870863
20,-0.590683464,-0.634247464,-0.240951119,-0.272774809
20.200000000000003,-0.609582765,-0.657071215,0.052603372134344586,0.04545701649269763
20.400000000000002,-0.570405742,-0.616815192,0.33477226198451826,0.35250144267565964
20.6,-0.478351553,-0.518922659,0.5769503627957688,0.6169531011241035
20.8,-0.343871912,-0.374616065,0.7556901721832894,0.8129510160424526
21,-0.181382601,-0.199502203,0.8551290212489422,0.9228845296924001
21.200000000000003,-0.007582718,-0.011737556,0.8684486499041395,0.939039193688108
21.400000000000002,0.1604080268691992,0.17001424888559036,0.7982269641123942,0.8640276209229897
21.6,0.3068714682844671,0.32858818402246165,0.655690749304706,0.7099951093242222
21.8,0.41906424325567715,0.4500540748496204,0.45900606550448525,0.49675776583001274
22,0.4883726962428735,0.5249955145589387,0.23086132178931548,0.24914875210320275
22.200000000000003,0.5109415600803631,0.5492094833532174,-0.00432818,-0.006061579
22.400000000000002,0.4877353481987416,0.5237793512104336,-0.223229853,-0.243278574
22.6,0.42406544144039743,0.45455551982862774,-0.40607845,-0.440838109
22.8,0.3286769146337767,0.3511475739842082,-0.53855301,-0.583091523
23,0.21253733420235735,0.22558482684962602,-0.612857743,-0.661610277
23.200000000000003,0.08749618193154432,0.09083222655320132,-0.627933129,-0.675426398
23.400000000000002,-0.035014165,-0.040647524,-0.58884577,-0.63034862
23.6,-0.145084681,-0.158116513,-0.505501621,-0.5375247
23.8,-0.235129112,-0.253441388,-0.390910961,-0.41150228
24,-0.300314387,-0.321559524,-0.259278117,-0.268083812
24.200000000000003,-0.338614191,-0.360522314,-0.124181848,-0.122291262
24.400000000000002,-0.350527869,-0.371163953,0.0029081730032470034,0.013304422746404896
24.6,-0.338551009,-0.356490605,0.11361550436342632,0.1296850976824417
24.8,-0.306506932,-0.320914544,0.2030561538256631,0.22182474781579772
25,-0.258856901,-0.269466573,0.2696614000893355,0.28847847278091165
25.200000000000003,-0.200095775,-0.207107967,0.31452247659759314,0.33142341488799376
25.400000000000002,-0.134313555,-0.138234079,0.34041876533708326,0.35433562071845937
25.6,-0.064966274,-0.066420436,0.3507307292130209,0.36152813772378933
25.8,0.00514138794945725,0.0055845550810254,0.34844273857291713,0.35678383961614946
26,0.07369802456612014,0.07566060097033478,0.3354116072689927,0.3424898590926848
26.200000000000003,0.13861888618816068,0.14198538365704805,0.31202625237545484,0.3192087213173741
26.400000000000002,0.1977545583026468,0.20266901303339524,0.277302141609523,0.2857582978937145
26.6,0.2486604395770871,0.255452786176043,0.2293862484141696,0.23975782979913662
26.8,0.288499893226056,0.2975559846194459,0.16636308920976114,0.17854137727854358
27,0.3141260259363206,0.32572710792003445,0.08720643715600981,0.10025445031878466
27.200000000000003,0.32235274354662463,0.3365153902197846,-0.007311708,0.004923588263407101
27.400000000000002,0.3103875786832003,0.3267358133040561,-0.113941847,-0.104712033
27.6,0.2763642003763954,0.29406110219637527,-0.226660759,-0.222787221
27.8,0.219887239156839,0.23764444042135294,-0.336854988,-0.340430021
28,0.14249006246196028,0.15866144798457105,-0.434004057,-0.446447875
28.200000000000003,0.04791013559175272,0.06066262464103729,-0.506805381,-0.528519569
28.400000000000002,-0.05789356,-0.050352502,-0.544601933,-0.574754798
28.6,-0.167024278,-0.166192143,-0.538926107,-0.575408118
28.8,-0.270232335,-0.277066977,-0.484935278,-0.524499085
29,-0.357758009,-0.372479279,-0.38251839,-0.421098151
29.200000000000003,-0.420346812,-0.442317385,-0.236886676,-0.270062275
29.400000000000002,-0.45032046,-0.478028911,-0.058525809,-0.082070933
29.6,-0.442570014,-0.473726014,0.13753364810694524,0.12709109407268337
29.8,-0.395338261,-0.427074916,0.3330785108518391,0.33795885204013576
30,-0.31067725,-0.33984056,0.5085702023683968,0.5293771399487589
30.200000000000003,-0.194501891,-0.217995056,0.6452862624700945,0.6808319723765532
30.400000000000002,-0.056207683,-0.071349316,0.7274936461441364,0.7748381341734826
30.6,0.09212640888788995,0.08727484899996749,0.744378438951293,0.7990943408012252
30.8,0.23687604927968517,0.24325563420400564,0.6914886898324795,0.7481191785613444
31,0.3642323941819064,0.3816387381522091,0.5714962690033636,0.6241497944016842
31.200000000000003,0.46163734942711204,0.48870025425911245,0.3941585079892612,0.4371825830070788
31.400000000000002,0.5191286758433875,0.5534261876183998,0.17547226241520986,0.20410689544155747
31.6,0.5304410862580006,0.5687367193058512,-0.063905846,-0.052964042
31.8,0.4937320490056038,0.5323095173025004,-0.300795402,-0.308991719
32,0.4118446308067267,0.4469016757024716,-0.511940635,-0.538677295
32.2,0.29207236600917674,0.3201286204003831,-0.676493525,-0.719178784
32.4,0.14544837615376863,0.16371964277471873,-0.778241467,-0.832569533
32.6,-0.014363051,-0.007667628,-0.807320756,-0.867755688
32.800000000000004,-0.172451647,-0.177942757,-0.761232671,-0.821622106
33,-0.314166775,-0.331220074,-0.645037957,-0.699298223
33.2,-0.426580298,-0.453417172,-0.470732703,-0.513508575
33.4,-0.499748263,-0.533640913,-0.255877619,-0.283115787
33.6,-0.527637509,-0.565213116,-0.021661743,-0.031018442
33.800000000000004,-0.508627267,-0.546233992,0.20937312534426036,0.2183285807265959
34,-0.44554379,-0.479635457,0.41568183707753903,0.4414835664336418
34.2,-0.345240006,-0.372735933,0.5788735335425064,0.6183865163641675
34.4,-0.217782732,-0.236363396,0.6854435488381049,0.734271759797172
34.6,-0.075350609,-0.08365877,0.7279107037378034,0.7809226960196115
34.800000000000004,0.06902615009683383,0.07129701396845203,0.7052559586279635,0.7571721197508384
35,0.2027438486665295,0.21487699301686547,0.6226608264758826,0.6686199946164212
35.2,0.31478465426135416,0.33517457489113317,0.4906102541836175,0.5266547506233374
35.4,0.39664573326141905,0.42301646438753365,0.3235020602425883,0.3469330178084119
35.6,0.44295534462442887,0.4726338780526687,0.13795598641549217,0.1475175463079128
35.800000000000004,0.4517387111635952,0.48194773484272835,-0.048973405,-0.05308126
36,0.4243342631533132,0.45247041908310465,-0.22146741,-0.237743005
36.2,0.3650021458501872,0.3888696909198944,-0.366326735,-0.392251629
36.4,0.28029575273449364,0.2982738946239585,-0.473940862,-0.506350423
36.6,0.17828663664741423,0.1894185799781782,-0.538779757,-0.574265937
36.800000000000004,0.06773945832401976,0.07174177648279598,-0.559407692,-0.594703406
37,-0.042672738,-0.045471497,-0.538080286,-0.570378121
37.2,-0.145039758,-0.153814345,-0.480029659,-0.507198631
37.4,-0.232721163,-0.246297725,-0.39256477,-0.413257565
37.6,-0.300667183,-0.317680763,-0.284130881,-0.297772428
37.800000000000004,-0.345557479,-0.364597673,-0.163442672,-0.170130343
38,-0.365782233,-0.385511194,-0.038794153,-0.039124324
38.2,-0.361307244,-0.380539643,0.08241094238964253,0.08754337740366493
38.400000000000006,-0.333468524,-0.351211539,0.19389518181213797,0.20349031053109096
38.6,-0.284740701,-0.30019851,0.2905420064375927,0.3036508601160527
38.800000000000004,-0.218513484,-0.231066515,0.36829224606326744,0.3841115492132294
39,-0.138896293,-0.148068351,0.4239799257290186,0.4418779521673604
39.2,-0.050554931,-0.055982106,0.4551881729189606,0.47466262103930296
39.400000000000006,0.04143002802219755,0.04001725194783426,0.4601862126611378,0.4807761204129263
39.6,0.13170445601084765,0.1344779494657335,0.4379888476537277,0.45915989771534454
39.800000000000004,0.21480589856755966,0.22181429447835646,0.3885370442553673,0.4095759691593906
40,0.28537503196619113,0.29649980755198424,0.3129720343033358,0.3329131896788834
40.2,0.3384261867864193,0.35332876734959634,0.21393811839239205,0.23154967754246486
40.400000000000006,0.3696748278866568,0.38774788555710693,0.09583573733391731,0.10967743719530623
40.6,0.375903567895136,0.3962410289441143,-0.035059763,-0.026508271
40.800000000000004,0.35533216089362163,0.3767310469828502,-0.170687452,-0.168840428
41,0.3079446641983769,0.32894782216157986,-0.301545194,-0.307492251
41.2,0.23572085229882833,0.2547042473156723,-0.417300892,-0.431586391
41.400000000000006,0.14272127897405312,0.15802211098161198,-0.507635661,-0.530077131
41.6,0.03498591881883519,0.04506106571250823,-0.563249354,-0.592821521
41.800000000000004,-0.07977504,-0.076177296,-0.576913834,-0.611733296
42,-0.192695745,-0.196371465,-0.544449222,-0.581867738
42.2,-0.29444518,-0.305600404,-0.465485278,-0.502293756
42.400000000000006,-0.376038185,-0.394204913,-0.343889688,-0.376613468
42.6,-0.429691116,-0.453709642,-0.187772826,-0.213032272
42.800000000000004,-0.449632384,-0.477708584,-0.009029506,-0.023922789
43,-0.432775629,-0.462613077,0.1775688816152799,0.17510801482762672
43.2,-0.379171817,-0.408168915,0.3556604982429752,0.3665778262714919
43.400000000000006,-0.292175939,-0.317669783,0.5088377274352047,0.5327824324739261
43.6,-0.178292082,-0.197824182,0.6222894521391339,0.6575743402520616
43.800000000000004,-0.046695759,-0.058270023,0.6843571953088333,0.7280747849180726
44,0.09153292991589598,0.08922852389166065,0.6878371523713217,0.736109435146779
44.2,0.22439574053529268,0.23183133718704213,0.6308583897694005,0.6792142936393468
44.400000000000006,0.3400881017565941,0.3568171414729126,0.5172405976283987,0.5610630560070279
44.6,0.42812422027266317,0.4528023315006667,0.35626445511648647,0.39127131078598437
44.800000000000004,0.48035837856439995,0.5108567495230147,0.16187093513922385,0.18457103125084479
45,0.49179461937462476,0.525397265877174,-0.048633853,-0.040566408
45.2,0.46109839349168014,0.49476315907550816,-0.256240018,-0.26371096
45.400000000000006,0.39075386047994776,0.42140956173691974,-0.442084463,-0.464474507
45.6,0.28684839663153394,0.31169666149510944,-0.589294344,-0.624517639
45.800000000000004,0.1585055855524975,0.17529510046920874,-0.684627732,-0.729348337
46,0.017024561416022883,0.024268587932853004,-0.719742355,-0.769717048
46.2,-0.125184797,-0.128070136,-0.691954789,-0.742475635
46.400000000000006,-0.255762449,-0.268412835,-0.604427885,-0.650801026
46.6,-0.363536931,-0.384690171,-0.465768768,-0.503785343
46.800000000000004,-0.439528759,-0.467163885,-0.28909802,-0.315439777
47,-0.477723918,-0.509271965,-0.090695888,-0.103240617
47.2,-0.475546751,-0.508149275,0.11161762908625705,0.11362623401765311
47.400000000000006,-0.433996601,-0.464783672,0.30019589721353857,0.31612520332832483
47.6,-0.357447602,-0.383805779,0.4591931785864716,0.4871417032207944
47.800000000000004,-0.253144927,-0.272948739,0.5759471384221713,0.6129861380561975
48,-0.130460238,-0.142245266,0.641987550514164,0.6844953125235521
48.2,1.0223735816203283e-05,-0.003053191,0.6535930111459483,0.6976411302549155
48.400000000000006,0.12741186189763706,0.13298860964998166,0.6118720613748441,0.6536107676716778
48.6,0.24156635407698288,0.25497025464796647,0.5223843002146299,0.5584010229456582
48.800000000000004,0.33379215017570224,0.35359552714623976,0.3943848099907494,0.4219842475893093
49,0.3975434992652017,0.42186825183023136,0.23978418310576882,0.2571822562848733
49.2,0.4288237411067896,0.45553357583634374,0.07196057578808288,0.07836430448304482
49.400000000000006,0.4263566487521673,0.45325518607780474,-0.095458972,-0.099869033
49.6,0.3915213412319296,0.41653708065759354,-0.24972213,-0.263902984
49.800000000000004,0.32807978081721534,0.3494216213770457,-0.379889988,-0.402114424
50,0.24174069128665382,0.2580132982124533,-0.47752573,-0.505601603
50.2,0.1396135074474063,0.14988701108805486,-0.537103919,-0.568607407
50.400000000000006,0.029608015468264852,0.03344238400255667,-0.55614689,-0.588637908
50.6,-0.080167669,-0.082738888,-0.535114245,-0.566322525
50.800000000000004,-0.181967461,-0.190485264,-0.477102672,-0.50506259
51,-0.268892814,-0.282543105,-0.387409362,-0.410546874
51.2,-0.335282565,-0.352978763,-0.273024843,-0.290191075
51.400000000000006,-0.376998611,-0.397467198,-0.142099799,-0.152570983
51.6,-0.391605796,-0.41346871,-0.003429935,-0.006878391
51.800000000000004,-0.378452271,-0.400302273,0.13402363535002126,0.1375689618401994
52,-0.338658402,-0.35912621,0.2615685963169353,0.27176322886119747
52.2,-0.275022954,-0.292837014,0.3711760967254163,0.3873916329415615
52.400000000000006,-0.191853739,-0.205894625,0.4558426588640111,0.47718924448592515
52.6,-0.094728303,-0.104079594,0.5099290693353831,0.5352691288943806
52.800000000000004,0.00981099586793618,0.0058144491274572,0.5294768264898042,0.5574374211778408
53,0.11462204231553988,0.11634920281435297,0.5124924393397452,0.5414880892627678
53.2,0.21238082980908796,0.21986549417157958,0.4591803495727923,0.48745585990961565
53.400000000000006,0.2960372873509186,0.3089504579155091,0.37209445823526527,0.39779053572160417
53.6,0.3592908549013123,0.3769294973548934,0.25616834013149786,0.2774227555368509
53.800000000000004,0.3970568941299847,0.4183557965573477,0.1185925297420433,0.13366944034493988
54,0.4058908023494121,0.42946253690501734,-0.031489831,-0.024050377
54.2,0.3843319240636297,0.4085378213536034,-0.183481297,-0.184706234
54.400000000000006,0.3331291403164503,0.3561806934396747,-0.326011397,-0.336350065
54.6,0.2553144586008665,0.27540079860944533,-0.447767488,-0.46697947
54.800000000000004,0.1561001241366411,0.1715331429096119,-0.538416989,-0.565510568
55,0.04258900604282669,0.05195360077239103,-0.589538827,-0.622781855
55.2,-0.076695568,-0.074399992,-0.595478976,-0.632480159
55.400000000000006,-0.192434351,-0.197677428,-0.554025472,-0.591899906
55.6,-0.29524727,-0.307890567,-0.466827205,-0.502421305
55.800000000000004,-0.376480383,-0.395750878,-0.339480641,-0.36965067
56,-0.428973919,-0.453495801,-0.181253539,-0.203165673
56.2,-0.447738352,-0.475624242,-0.004445418,-0.015864219
56.400000000000006,-0.430469132,-0.459465616,0.17657761412118284,0.1770408355378379
56.6,-0.377842147,-0.405518254,0.346594208311498,0.3593046626372648
56.800000000000004,-0.29355109,-0.317512996,0.4908778591137202,0.515093545975148
57,-0.184071697,-0.202183271,0.5965545042559277,0.6304537998342011
57.2,-0.058164767,-0.068751917,0.6538354747056272,0.6946519045925088
57.400000000000006,0.07384381004464269,0.07182642461395831,0.6569940573717232,0.7012523566030695
57.6,0.20094385634319048,0.2078013773151255,0.6049814238531327,0.6488137307085535
57.800000000000004,0.3124023264252861,0.3276569459397922,0.5016131854186052,0.5411178228439586
58,0.3987168786000333,0.42113842837122106,0.3552934563211866,0.3869113898296192
58.2,0.45246878329186124,0.48017823595139864,0.1783040607008161,0.19915892783913286
58.400000000000006,0.46899528357609316,0.49963088137838685,-0.01428522,-0.006105285
58.6,0.44681481562143954,0.4777454271055487,-0.205974651,-0.211229654
58.800000000000004,0.3877645441747829,0.41632912754122087,-0.380329764,-0.398556101
59,0.2968370346692784,0.32058685659104874,-0.522470505,-0.552026716
59.2,0.1817321657359337,0.19865212543585528,-0.620406467,-0.658634189
59.400000000000006,0.05216817002262016,0.06085553888952296,-0.666091204,-0.709573945
59.6,-0.080981543,-0.081197468,-0.656097925,-0.700990058
59.800000000000004,-0.206644141,-0.215652141,-0.591858952,-0.634249366
60,-0.31450509,-0.331435434,-0.479454539,-0.515727499
60.2,-0.395881359,-0.41919804,-0.328983634,-0.356140376
60.400000000000006,-0.444432513,-0.472083761,-0.15358474,-0.16950192
60.6,-0.456649552,-0.486260648,0.03178311906214834,0.028191926533759584
60.800000000000004,-0.432085697,-0.461174255,0.2116834543475678,0.2204076250117739
61,-0.373317183,-0.399509993,0.37153793545931385,0.3915123326764455
61.2,-0.285647977,-0.306879525,0.4988323362733931,0.5280747489986342
61.400000000000006,-0.176594956,-0.191270367,0.5840903704075076,0.6199167949937117
61.6,-0.055207976,-0.062317557,0.6215420828114188,0.6608324226868166
61.800000000000004,0.06870975142042207,0.06953164074175924,0.6094462871136309,0.6489284367262419
62,0.18540940515519239,0.19388290876253156,0.5500548500365147,0.5865913521191871
62.2,0.28596448904777466,0.3012167329224044,0.4492565081630368,0.4800902899318642
62.400000000000006,0.36293921918675537,0.38360134812378427,0.31594091894582205,0.3388997729838449
62.6,0.4109076984773213,0.4352463168631103,0.16116913036803496,0.17479665679004347
62.800000000000004,0.42679471179643647,0.4528629462518794,-0.002776984,0.0008455033202329348
63,0.41002169801293203,0.43581663492369216,-0.163374456,-0.16964963
63.2,0.3624603975435711,0.38607377934530396,-0.308790945,-0.324139151
63.400000000000006,0.28821030971241646,0.307961832830133,-0.428705616,-0.451693433
63.6,0.193227650428472,0.20777275400188158,-0.51496651,-0.54369574
63.800000000000004,0.0848415128121926,0.09324856770006211,-0.562057656,-0.594325419
64,-0.028803014,-0.027008285,-0.567361395,-0.600823502
64.2,-0.139333584,-0.144155887,-0.53121829,-0.563547158
64.4,-0.238733017,-0.249725012,-0.456801363,-0.485827223
64.60000000000001,-0.319878908,-0.336185042,-0.349826928,-0.373655327
64.8,-0.377011889,-0.397433614,-0.218127337,-0.235236432
65,-0.406106996,-0.42918492,-0.071118029,-0.080431461
65.2,-0.405130325,-0.429238559,0.08081223202188385,0.0798764443061556
65.4,-0.374168436,-0.397616695,0.2269594448959113,0.2344609336674869
65.60000000000001,-0.315424005,-0.336562802,0.35697909123417937,0.3724507690401373
65.8,-0.233077108,-0.250401834,0.4615491702059696,0.484014793182857
66,-0.133017909,-0.145266927,0.5329882761561605,0.5610040813364505
66.2,-0.022463108,-0.028704595,0.5657944586335591,0.5975186289804468
66.4,0.09052487934955551,0.09082223067308028,0.5570723889298254,0.590359870577627
66.60000000000001,0.19758991546259533,0.20450816917417022,0.5068121086657139,0.5393379916080535
66.8,0.2906726081639419,0.3038225879430812,0.41799227745680884,0.44739552926024595
67,0.3626017067969216,0.3811317549762012,0.29648246817267326,0.32052665329977703
67.2,0.4076449428061611,0.4302828207785845,0.1507328975182735,0.16747650983791856
67.4,0.42197674451587014,0.4471049599280541,-0.008742256,-0.000784046
67.60000000000001,0.4040233463263262,0.4297852679991364,-0.170070407,-0.171782889
67.8,0.35465122090969997,0.37908240835889,-0.320873354,-0.332435307
68,0.2771748008158611,0.298351029914443,-0.449211028,-0.470036681
68.2,0.17717214514940502,0.19336334337597622,-0.544545064,-0.573284591
68.4,0.06211292767541106,0.07192994554329636,-0.598638976,-0.633248811
68.60000000000001,-0.05918107,-0.056659611,-0.606318351,-0.644192052
68.8,-0.177206436,-0.18234011,-0.56600786,-0.604171251
69,-0.28252866,-0.295064739,-0.479991513,-0.515336762
69.2,-0.366553687,-0.385626443,-0.354350608,-0.383900073
69.4,-0.422253552,-0.446436939,-0.198572048,-0.219743704
69.60000000000001,-0.444782098,-0.472193406,-0.02484692,-0.035693537
69.8,-0.431923264,-0.460370536,0.15289349306367536,0.1534901654977509
70,-0.384326836,-0.41148838,0.3201229775978458,0.33232840424284477
70.2,-0.305504896,-0.329125522,0.462951481175322,0.4859355777638175
70.4,-0.201582821,-0.219669389,0.5693286722202476,0.6013163371050138
70.60000000000001,-0.080821434,-0.091819549,0.6301117069260171,0.6685212382516798
70.8,0.04705244229410665,0.044117303979465755,0.6398961282594311,0.6815519344543913
71,0.1716501037704767,0.17708081661326341,0.5975240852844076,0.6389345107672717
71.2,0.28279106833575945,0.29618588939917,0.5062270982908506,0.5438886598199151
71.4,0.3713627002913441,0.39164422586542036,0.37337650379941995,0.4040888630516453
71.60000000000001,0.43009211957293225,0.4555970527067417,0.20987003983850772,0.2310185396622797
71.8,0.4541632783733204,0.4827842457292874,0.029200524685282753,0.038991685108379914
72,0.44162305079301734,0.4709900806183813,-0.153702771,-0.156082225
72.2,0.39354136688820623,0.42122624464437247,-0.323756373,-0.338071925
72.4,0.3139121603972451,0.3376369419770112,-0.467013142,-0.492008952
72.60000000000001,0.20930523163677442,0.22713621842200643,-0.571843315,-0.60536054
72.8,0.08830173857443627,0.09881130959675684,-0.629901488,-0.669076198
73,-0.039234774,-0.036852569,-0.636794917,-0.678319654
73.2,-0.162987761,-0.168856809,-0.592404656,-0.632818739
73.4,-0.273042447,-0.286604565,-0.500829561,-0.53682196
73.60000000000001,-0.360694182,-0.380767254,-0.369976732,-0.398661971
73.8,-0.419142344,-0.444030098,-0.210833995,-0.229989984
74,-0.444013079,-0.471655767,-0.036505076,-0.044741687
74.2,-0.433672504,-0.46182386,0.1389073509731899,0.14205627988168792
74.4,-0.389309709,-0.415724261,0.3014693940066009,0.3155352963708962
74.60000000000001,-0.314789612,-0.337404075,0.43853409808619026,0.4621813222414234
74.8,-0.216294775,-0.23338875,0.539719101483311,0.5708818558508957
75,-0.101792221,-0.112115589,0.5976683034016721,0.6337445507535652
75.2,0.019626296640424423,0.01676801444189066,0.608549333456161,0.6466245316555436
75.4,0.1384742503416574,0.14318138503171177,0.5722536306383955,0.6093419100692514
75.60000000000001,0.24561003351141933,0.2573983886676471,0.49230129147315754,0.5255797760751598
75.8,0.3329303636397736,0.3507850429170342,0.3754728055996161,0.40248866204528444
76,0.3939655434402197,0.41643292327421066,0.23120483707997558,0.25004912703455134
76.2,0.4243352359604411,0.44964442642232233,0.07081487158334268,0.08023983342611224
76.4,0.4220371244785614,0.44823993789384614,-0.093388202,-0.093901428
76.60000000000001,0.38755249053529084,0.41267114822974815,-0.249031423,-0.259263091
76.80000000000001,0.3237678972075378,0.345939489370823,-0.384579758,-0.403611944
77,0.23572435943644787,0.25333240558358827,-0.490149234,-0.516452984
77.2,0.13021705929370217,0.14200171172145892,-0.558180709,-0.58974203
77.4,0.01527732101436774,0.02041796992214704,-0.583938003,-0.618405826
77.60000000000001,-0.100424583,-0.102258668,-0.56579863,-0.600653556
77.80000000000001,-0.208213379,-0.216846617,-0.505330762,-0.538056574
78,-0.300036761,-0.314804697,-0.407153073,-0.435405412
78.2,-0.369044178,-0.388843488,-0.278592699,-0.300351922
78.4,-0.410079144,-0.433446343,-0.129162889,-0.142866487
78.60000000000001,-0.420051768,-0.445265616,0.030105248798958685,0.02545796519835339
78.80000000000001,-0.398166427,-0.423367907,0.18743522354473996,0.19221293278249363
79,-0.345988507,-0.369310812,0.3311335929575245,0.3450433327187594
79.2,-0.267343967,-0.287044643,0.4504244579332763,0.4725209909465868
79.4,-0.168056284,-0.182642988,0.536232073763443,0.56497254450418
79.60000000000001,-0.055536065,-0.063877526,0.5818623229624289,0.6151983981281537
79.80000000000001,0.061750351529287345,0.06033653555187585,0.583526902273099,0.619040786150792
80,0.17489949099467797,0.18058823523658943,0.5406769104062275,0.5757427593805865
80.2,0.27523244540739383,0.28766822858455116,0.4561051380683153,0.48807659804155623
80.4,0.35495354899983234,0.37326552090345194,0.3358080916950399,0.36221116720154384
80.60000000000001,0.40775670640762435,0.43061269755678055,0.18860085172729368,0.20732660512241813
80.80000000000001,0.42933163782191236,0.45502883766009844,0.02550761685523137,0.034984857227221465
81,0.4177285668004826,0.44431562589149165,-0.141037056,-0.141702771
81.2,0.37354864216363287,0.39897108123294667,-0.298121712,-0.309056447
81.4,0.29993979565731654,0.3221981733921919,-0.433358325,-0.453884887
81.60000000000001,0.20239221458138695,0.21970115589321088,-0.535871872,-0.564537658
81.80000000000001,0.08834384384120852,0.09927874700363509,-0.597197441,-0.631867385
82,-0.03337755,-0.029758709,-0.61200724,-0.650019211
82.2,-0.15323623,-0.157306476,-0.578605014,-0.616970712
82.4,-0.261739759,-0.273261691,-0.499131303,-0.534775978
82.60000000000001,-0.350201592,-0.368334972,-0.379461626,-0.409473189
82.80000000000001,-0.411451549,-0.43481103,-0.228788128,-0.250666721
83,-0.440433368,-0.46719317,-0.058920129,-0.070794515
83.2,-0.43463816,-0.462675625,0.1166490005689949,0.1158528511675326
83.4,-0.394334085,-0.421400788,0.2838320060486415,0.29428705465136507
83.60000000000001,-0.322569797,-0.346475951,0.4291044938889064,0.45005350617182666
83.80000000000001,-0.224948105,-0.243744686,0.5406289431470893,0.5704360664826168
84,-0.10918632,-0.12132892,0.6092480090725966,0.6455302150777142
84.2,0.015502042058368207,0.011021870628975229,0.6292641376415649,0.6690827312763877
84.4,0.13915330896322983,0.14272108012267132,0.5989278960552005,0.6390365161738855
84.60000000000001,0.2518649060645818,0.26320877416961197,0.5205989293227202,0.5577160657756087
84.80000000000001,0.3446045017232819,0.36281597045155983,0.4005598416672951,0.4316454213685666
85,0.40994801911140805,0.43355658902387934,0.24849747090452867,0.2710125777119125
85.2,0.44268431773530786,0.46977976497784407,0.07670127926306208,0.08881864844210195
85.4,0.44023663007946406,0.4686278693615709,-0.100958574,-0.100201077
85.60000000000001,0.4028652064261389,0.430262241573525,-0.270178735,-0.280802414
85.80000000000001,0.3336358327447437,0.3578388221999008,-0.417400761,-0.438490042
86,0.23815819954134088,0.2572376845646459,-0.530917356,-0.560704315
86.2,0.12411802910219645,0.13657095381699813,-0.601814617,-0.637835234
86.4,0.000643567461425007,0.005512160639162135,-0.624674174,-0.663978269
86.60000000000001,-0.122438913,-0.125494696,-0.597975784,-0.637379558
86.80000000000001,-0.235398408,-0.246080485,-0.5241785,-0.560527255
87,-0.329375899,-0.346779727,-0.409473417,-0.439900267
87.2,-0.397080561,-0.419776017,-0.263240617,-0.285391051
87.4,-0.433352136,-0.459505148,-0.097255675,-0.109469465
87.60000000000001,-0.435545375,-0.463069747,0.07527891483020197,0.07384854085388252
87.80000000000001,-0.403709867,-0.430436258,0.24079781205170417,0.25013317629343174
88,-0.340554962,-0.364402797,0.38644339247144976,0.40568295267145593
88.2,-0.251206833,-0.270345704,0.5010596996876179,0.5285833532981629
88.4,-0.142781042,-0.155769075,0.57603242320733,0.609603147122889
88.60000000000001,-0.023807917,-0.029696731,0.6059126811291334,0.6428651520071984
88.80000000000001,0.09644219594731333,0.09804251208681464,0.5887872203228257,0.6262397063411093
89,0.20867965812744754,0.21757992881157848,0.526368026836729,0.5614484071921422
89.2,0.30430665283066577,0.3197622323635343,0.4238083684978194,0.453869324515214
89.4,0.37606533384999635,0.3968409762447656,0.28926257352216683,0.31207447838210556
89.60000000000001,0.4185757140582595,0.4430457157542055,0.13322935948220083,0.1471398602122282
89.80000000000001,0.4287249824268214,0.4550003913540426,-0.032264365,-0.028220588
90,0.4058825798767086,0.4319554562248419,-0.194580118,-0.200622635
90.2,0.3519277717769371,0.3758217346346502,-0.34141487,-0.357012638
90.4,0.27109050757159586,0.291006763608033,-0.461709839,-0.4856305
90.60000000000001,0.16961954983432015,0.18406820503085852,-0.546458797,-0.576865152
90.80000000000001,0.05530407508071923,0.06321150606297929,-0.589357321,-0.623949212
91,-0.063115853,-0.062330281,-0.587256434,-0.623435278
91.2,-0.176605972,-0.182989334,-0.540379703,-0.575441254
91.4,-0.276514136,-0.289578108,-0.452302524,-0.483627506
91.60000000000001,-0.355218343,-0.373975298,-0.329684568,-0.354930161
91.80000000000001,-0.406697984,-0.429733506,-0.181782579,-0.199050394
92,-0.426988313,-0.452564544,-0.019772169,-0.027746314
92.2,-0.414484006,-0.440666915,0.1440741498979905,0.14602685987574307
92.4,-0.370068771,-0.394870606,0.29729341012000254,0.30907290790643294
92.60000000000001,-0.297060258,-0.318587207,0.4281625983099821,0.44893394486267035
92.80000000000001,-0.200972355,-0.217566961,0.5265826549462321,0.5548298843921572
93,-0.089110565,-0.099478393,0.5848534412282185,0.6184841897108421
93.2,0.02997197879834032,0.026660876414082692,0.5982818302719893,0.6347719436809499
93.4,0.14711813165864474,0.15116122832405768,0.5655680924004834,0.6021482507905119
93.60000000000001,0.25326427938891793,0.2643975699445428,0.48894566080369295,0.522806477057711
93.80000000000001,0.34013817951304975,0.35754949019200155,0.37405162057477476,0.4025572198582461
94,0.4009047298359633,0.42328928611593036,0.2295345842699791,0.25042708681741577
94.2,0.4307087959417281,0.45636364722103945,0.06642172376668914,0.07800440325611133
94.4,0.4270709491238546,0.45402208449550313,-0.102708286,-0.101429392
94.60000000000001,0.3901030654145667,0.4162560520308692,-0.264689099,-0.273914348
94.80000000000001,0.32252372775572297,0.3458263178481999,-0.406792208,-0.425899304
95,0.22946874617082064,0.248073156416483,-0.517735882,-0.545314586
95.2,0.11810849868973516,0.13052017051371995,-0.588595307,-0.622544974
95.4,-0.002900045,0.0023002234846699393,-0.613535635,-0.651226667
95.60000000000001,-0.124086396,-0.126553342,-0.590314025,-0.628786776
95.80000000000001,-0.23591068,-0.245895518,-0.520492394,-0.556695295
96,-0.32952129,-0.346275429,-0.409352042,-0.44038355
96.2,-0.397464645,-0.419694494,-0.265500208,-0.288850435
96.4,-0.434287926,-0.460254443,-0.100207331,-0.11396364
96.60000000000001,-0.436986092,-0.464641486,0.0734826556800958,0.07047270437623454
96.80000000000001,-0.405254371,-0.432405347,0.2417924791314756,0.24982102333688214
97,-0.34152447,-0.366008584,0.39132038615664494,0.40978801163710543
97.2,-0.250779864,-0.270640671,0.5101245981950177,0.5375835392036068
97.4,-0.140164179,-0.153810407,0.5886931208499947,0.6229638082573383
97.60000000000001,-0.018413678,-0.024749206,0.6207209815261377,0.6590657764558744
97.80000000000001,0.10484044978219806,0.10632677027749451,0.6036245307621741,0.6429717413763094
98,0.21984257450307845,0.22903508442976708,0.5387533926190808,0.5759487490632986
98.2,0.3174940550714706,0.3336594927009375,0.4312814959869301,0.463345861171648
98.4,0.39008077272794,0.41192800605224417,0.28978536638287006,0.314158501793985
98.60000000000001,0.43188805230920074,0.4576733765094665,0.12554726266767136,0.1402940101912376
98.80000000000001,0.43965333809844054,0.4673221327231211,-0.048361207,-0.044394378
99,0.4128200283882679,0.4401732574081618,-0.218135377,-0.22523034
99.2,0.35357326234150505,0.3784446130263876,-0.370347297,-0.387897556
99.4,0.2666558274425629,0.2870852199348788,-0.49301922,-0.519584105
99.60000000000001,0.15898066356405455,0.173369823941318,-0.57657083,-0.609999346
99.80000000000001,0.039072484138609614,0.046310137510527795,-0.61456845,-0.652175467
100,-0.083614481,-0.08406791,-0.604211344,-0.643001586
100.2,-0.199448619,-0.207522268,-0.546528813,-0.583436859
100.4,-0.299379937,-0.314403426,-0.446266546,-0.47840214
100.60000000000001,-0.375647863,-0.396409284,-0.311482895,-0.33635576
100.80000000000001,-0.42238144,-0.447227431,-0.152885487,-0.168599453
101,-0.436045745,-0.463015172,0.017029316590715382,0.011636340947649731
101.2,-0.41570198,-0.442682011,0.18496828888082964,0.19024319230953968
101.4,-0.363062818,-0.387954837,0.3378833131760672,0.35334026145656017
101.60000000000001,-0.282341278,-0.303223593,0.46398071740903546,0.4883494131210181
101.80000000000001,-0.179907319,-0.195182188,0.5536220154385715,0.584955047352707
102,-0.063781172,-0.072294909,0.6000463509824584,0.6358802414696241
102.2,0.056996320844997915,0.05586851140274504,0.5998683467825869,0.6374134370482214
102.4,0.1730659507145688,0.17937673363634418,0.5533060475195243,0.5896677145516409
102.60000000000001,0.27547115023670565,0.2887019955798336,0.4641391239752029,0.4965344466682394
102.80000000000001,0.3563434367676711,0.3754482742417788,0.3393918458833796,0.36536277548903295
103,0.4094990904328723,0.432987898149024,0.1887784417004011,0.20637147775630452
103.2,0.4309046497454012,0.45695943453223953,0.023947926002386738,0.03185650896118648
103.4,0.4189762228468987,0.4455907159835042,-0.142410369,-0.144751762
103.60000000000001,0.37469161508413545,0.3998240017080762,-0.297531831,-0.309911815
103.80000000000001,0.3015081005822731,0.3232354943665247,-0.429543764,-0.45099253
104,0.20509286343526534,0.22175616430975023,-0.528359458,-0.557225381
104.2,0.09288723927370575,0.10321567565751334,-0.586436197,-0.620512818
104.4,-0.02646268,-0.023256185,-0.599343784,-0.636031702
104.60000000000001,-0.143765314,-0.147925238,-0.566094718,-0.60259968
104.80000000000001,-0.24998479,-0.261194439,-0.489221931,-0.522761952
105,-0.336930268,-0.354335167,-0.374589805,-0.402604225
105.2,-0.397882331,-0.420154071,-0.230957028,-0.251296709
105.4,-0.428109487,-0.453545105,-0.06931786,-0.080410071
105.60000000000001,-0.425234796,-0.451884854,0.09792567932005937,0.0969566253600036
105.80000000000001,-0.389424736,-0.415240725,0.25790355175454605,0.26716587526133445
106,-0.323384882,-0.346374883,0.3982580054847582,0.4170797068104961
106.2,-0.232161363,-0.250542689,0.5080925970045748,0.5350663753673369
106.4,-0.122761801,-0.135098934,0.57881716715773,0.6119001464859956
106.60000000000001,-0.003623556,-0.008940445,0.6048209578877882,0.6414884741361204
106.80000000000001,0.11603192292300894,0.11817333918602725,0.5839270488052862,0.621359119747884
107,0.22690921038958112,0.23637155028290951,0.5175813234455439,0.5528807682213775
107.2,0.3203595184371906,0.33643656296729163,0.4107680120872516,0.44118030137079733
107.4,0.38905668178020786,0.4105239136638521,0.27164555054361467,0.29477624554792736
107.60000000000001,0.4275744870618111,0.45278066058605776,0.11093390924754983,0.12493920532152195
107.80000000000001,0.43282004628810355,0.459812950299862,-0.058904018,-0.05516859
108,0.4042878068571849,0.43096487138646206,-0.224626388,-0.23150922
108.2,0.34411248590025745,0.36838461533871597,-0.373246358,-0.390264121
108.4,0.2569149070455845,0.2768708874611468,-0.493055098,-0.518922788
108.60000000000001,0.1494511102555334,0.1635094470112845,-0.574552629,-0.607278097
108.80000000000001,0.030091058645923985,0.03712688201684383,-0.611210324,-0.648248868
109,-0.091833841,-0.092396811,-0.600007207,-0.638455004
109.2,-0.206762199,-0.214903002,-0.541684282,-0.578512428
109.4,-0.305656408,-0.320755548,-0.440708076,-0.472998553
109.60000000000001,-0.380718936,-0.401604435,-0.304929586,-0.330113974
109.80000000000001,-0.426012169,-0.451050587,-0.144976266,-0.161040455
110,-0.437933459,-0.465158111,0.02658451239859172,0.02093584820151296
110.2,-0.415505669,-0.442772192,0.1962398136457983,0.20147611985555108
110.4,-0.360459582,-0.385616239,0.3506043876062218,0.36632911521221584
110.60000000000001,-0.277100866,-0.298160017,0.477487219562034,0.5024663870350105
110.80000000000001,-0.171971822,-0.187268594,0.5668628271426716,0.599124372279999
111,-0.053334697,-0.061660002,0.6116723628903645,0.6486619297565195
111.2,0.06948211724790776,0.06878523563570026,0.608384961842478,0.6471715078490669
111.4,0.18682279526826767,0.1938068059723981,0.5572774707624947,0.594789269545788
111.60000000000001,0.2894679651004006,0.3035774633128664,0.4624096312521114,0.49567871494630683
111.80000000000001,0.3693637116339866,0.3894801143156302,0.33129483858612585,0.35769705889832065
112,0.42025596689781997,0.44478766680045456,0.17429910940384258,0.1917596301023622
112.2,0.43818151891664403,0.4651911906710838,0.003810809927169548,0.010969547211108509
112.4,0.4217757914555139,0.4491349630413583,-0.166745744,-0.170428014
112.60000000000001,0.37237418875869005,0.3979322903296594,-0.323974443,-0.338178366
112.80000000000001,0.29389977288486885,0.31565415400541025,-0.455565962,-0.479142297
113,0.19254714514402113,0.2088005591329299,-0.551263382,-0.582329224
113.2,0.07628859244294908,0.0857816276004443,-0.603661893,-0.639751457
113.4,-0.045756922,-0.043749086,-0.608775028,-0.647041841
113.60000000000001,-0.164042728,-0.169655735,-0.566333997,-0.603774152
113.80000000000001,-0.26934246,-0.282115445,-0.479787799,-0.513479023
114,-0.353469726,-0.372384461,-0.356016334,-0.383343943
114.2,-0.409912919,-0.433476294,-0.204774587,-0.223634536
114.4,-0.434335929,-0.460698879,-0.03791802,-0.046877237
114.60000000000001,-0.42490702,-0.45201026,0.13152984135005036,0.13312748040154418
114.80000000000001,-0.38243149,-0.408166517,0.29039431883966993,0.3023828597081858
115,-0.310279206,-0.33265187,0.42637095318253204,0.44778112595534136
115.2,-0.214113878,-0.231398139,0.5289734132796091,0.5581120231558235
115.4,-0.101446397,-0.112316271,0.5903342529110529,0.6249196227606768
115.60000000000001,0.018952093790312007,0.015322281990628786,0.6057992492925139,0.6431418212163191
115.80000000000001,0.1377324317709908,0.1416064180078857,0.5742740668120012,0.6114826262897518
116,0.24569031245292056,0.25675223306190303,0.4982923683972093,0.5324988392144988
116.2,0.3344760767319331,0.35185690071373077,0.38381052792388937,0.41238558493159627
116.4,0.39723656512790806,0.4195825113754996,0.2397368938870818,0.260493573886568
116.60000000000001,0.4291395720820625,0.4547174837030534,0.07724240638250604,0.08859848375782976
116.80000000000001,0.4277425204212804,0.4545736013803471,-0.091102125,-0.090005245
117,0.3931769642599767,0.41918884519880567,-0.252291804,-0.261526142
117.2,0.32813558103755003,0.35132110295309465,-0.393885245,-0.412731247
117.4,0.23766287432547128,0.25623373396248866,-0.504956952,-0.531959135
117.60000000000001,0.12876591354635342,0.1412894364901399,-0.576932927,-0.610013196
117.80000000000001,0.009874701345459536,0.015383563798037361,-0.604249505,-0.640862694
118,-0.109806746,-0.111740181,-0.584779778,-0.622108862
118.2,-0.221008721,-0.230239365,-0.520000318,-0.555170517
118.4,-0.315110583,-0.330930903,-0.414882523,-0.445180735
118.60000000000001,-0.384806182,-0.405999596,-0.277516423,-0.30059908
118.80000000000001,-0.424669688,-0.449603093,-0.118495408,-0.13256754
119,-0.431578071,-0.458326407,0.04989437409565798,0.04593838336695459
119.2,-0.404957023,-0.431450849,0.21461628643901476,0.22110515418556914
119.4,-0.34683108,-0.371015686,0.3628871038194825,0.3793446768839412
119.60000000000001,-0.261673049,-0.281667302,0.48316682961648394,0.508343964861729
119.80000000000001,-0.156063547,-0.170306095,0.5660555736810832,0.5980243337461594
120,-0.038185831,-0.045557413,0.6050321180207565,0.6413282587215248
120.2,0.08280511611050458,0.08289329429944621,0.5969686458538276,0.6347833650307835
120.4,0.19749239931891813,0.20505038729889963,0.5423898339269384,0.5787841154707497
120.60000000000001,0.29692919627890285,0.3113853536328759,0.445444945825937,0.4775791746125905
120.80000000000001,0.3733376013258543,0.3935807330046076,0.31360064479847666,0.338953872749611
121,0.4207192179464798,0.44518296070637486,0.15706934636344644,0.17364091207480986
121.2,0.435328693892752,0.46211211776038064,-0.011977054,-0.005509231
121.4,0.41597312058234354,0.44298817170778915,-0.180352873,-0.184524961
121.60000000000001,0.3641125607392612,0.3892469785666304,-0.334888411,-0.349404324
121.80000000000001,0.2837529118657953,0.30503585331635363,-0.463463384,-0.487213747
122,0.18113844309172372,0.19689588852240625,-0.555963023,-0.587107524
122.2,0.0642676059129737,0.07325489077962245,-0.605077964,-0.641190756
122.4,-0.057730956,-0.056229662,-0.606890812,-0.645145168
122.60000000000001,-0.175312841,-0.181426659,-0.561190497,-0.598585238
122.80000000000001,-0.279266763,-0.292526644,-0.471500736,-0.50509332
123,-0.361439629,-0.380813673,-0.344808147,-0.371950949
123.2,-0.415378696,-0.439352598,-0.191018839,-0.209568451
123.4,-0.436841243,-0.463537001,-0.022181362,-0.030668678
123.60000000000001,-0.424130479,-0.451454162,0.14846217741103315,0.15071314403663055
123.80000000000001,-0.378230828,-0.40403763,0.3075191957794413,0.3203378826502886
124,-0.302731799,-0.324995331,0.4425043406491787,0.46488488263009176
124.2,-0.203546201,-0.220518538,0.5428239889712065,0.5730054973471875
124.4,-0.088445212,-0.098794815,0.6006113616110164,0.6362192101508484
124.60000000000001,0.033553381638843076,0.030636650410327537,0.61134796185007,0.6495782087885957
124.80000000000001,0.15289422259512137,0.15763566949343502,0.5742142377059275,0.6120599716275114
125,0.26023592147555574,0.2722588185508334,0.49215262379374064,0.5266404727975856
125.2,0.3471844036485363,0.36554037318646976,0.371629936352684,0.4000560993761804
125.4,0.4069506402522956,0.4301953343819322,0.22212429538149991,0.24226513968103228
125.60000000000001,0.4348814189006223,0.4611889270203755,0.055373150436996386,0.06566124359772818
125.80000000000001,0.4288208923620669,0.4561280448549456,-0.115552713,-0.115907
126,0.3892753978414889,0.41544433343439885,-0.277277721,-0.288227277
126.2,0.3193691223372747,0.3423550874735749,-0.417171355,-0.437838481
126.4,0.22459461999016533,0.24260603131024105,-0.524335465,-0.553083988
126.60000000000001,0.11237854319382219,0.1240166142925592,-0.590453113,-0.625017861
126.80000000000001,-0.00850248,-0.004135686,-0.61042967,-0.648098998
127,-0.128610112,-0.131842824,-0.582783428,-0.620610341
127.2,-0.238582003,-0.249148958,-0.509748199,-0.544784571
127.4,-0.329861032,-0.346926192,-0.397090615,-0.426612721
127.60000000000001,-0.395360508,-0.417583717,-0.253648073,-0.275371279
127.80000000000001,-0.430012057,-0.455654948,-0.090633886,-0.102886892
128,-0.431155505,-0.458217772,0.07924113840495339,0.07738946424424933
128.20000000000002,-0.398740518,-0.425115973,0.2427597094535145,0.25143124175208165
128.4,-0.335325188,-0.358965361,0.38722480781740154,0.4057249949664335
128.6,-0.245872363,-0.264945114,0.5014421173613185,0.5283162153326372
128.8,-0.137360263,-0.15039107,0.5765823812695036,0.6097321520814434
129,-0.018238044,-0.02422325,0.6068602788019973,0.6437067345185031
129.20000000000002,0.1022314636674617,0.10374806946256451,0.5899752586047258,0.6276585122148626
129.4,0.21469021636510416,0.22358327517887625,0.5272823408708119,0.5628834764937554
129.6,0.31041004117891424,0.32598330540922116,0.423681476017743,0.45444824389007304
129.8,0.38196740062661116,0.40300841875087345,0.2872350101799933,0.310791434465812
130,0.4238170200785755,0.44869135781961966,0.12854085183894623,0.14306969997208374
130.20000000000002,0.43271970765045503,0.4594974417499688,-0.040088068,-0.03570566
130.4,0.40799177899498607,0.4345967069999879,-0.205575327,-0.211674187
130.6,0.3515571848963963,0.3759269982949033,-0.355090142,-0.371196865
130.8,0.26779825270355706,0.2880437271863308,-0.477038808,-0.501907247
131,0.16321662863791936,0.17776750627008953,-0.56195943,-0.593667437
131.20000000000002,0.0459302819570979,0.05365669327196348,-0.603255092,-0.639349383
131.4,-0.074954075,-0.074654311,-0.597702832,-0.635391253
131.6,-0.190046568,-0.197200569,-0.545708444,-0.582072466
131.8,-0.29040096,-0.304458406,-0.451277307,-0.48349791
132,-0.368208967,-0.388083847,-0.321710419,-0.347283917
132.20000000000002,-0.417407238,-0.441561052,-0.167042178,-0.183976902
132.4,-0.43414979,-0.460710017,0.0007313170399477834,-0.00623857
132.6,-0.417109648,-0.444014286,0.1685796325185404,0.17213068932128373
132.8,-0.367585495,-0.392742677,0.3234474957488788,0.3372602287866854
133,-0.289404689,-0.310855028,0.45326890127919917,0.4762859752322389
133.20000000000002,-0.188629488,-0.204698719,0.5479074302923618,0.5783525166806844
133.4,-0.073089001,-0.082518783,0.5999477887748449,0.6354645066909306
133.6,0.04822777708550635,0.046180762041531105,0.6052822399371103,0.6431113386360734
133.8,0.1658702596466264,0.1713752390655612,0.5634352207838678,0.6006320663887217
134,0.27066230422375465,0.28329999207892537,0.47761102067973366,0.5112720937270752
134.20000000000002,0.3544188847443872,0.37321256530581914,0.35445004475277053,0.38194320463560344
134.4,0.410586145551035,0.4340768972318763,0.20352009493432766,0.22268737226514568
134.6,0.4347562619073425,0.46111577388529,0.03657312283205478,0.045902631245490905
134.8,0.42501511630718014,0.45218790771358736,-0.133369268,-0.134622117
135,0.38209566333817696,0.4079594714051068,-0.293031508,-0.304785137
135.20000000000002,0.3093244360502734,0.33185624530901986,-0.429924261,-0.451273755
135.4,0.2123647068255866,0.22979950293603413,-0.533323583,-0.562610635
135.6,0.09877614470442911,0.10974578048452774,-0.595114946,-0.630055909
135.8,-0.022574969,-0.018933923,-0.610433345,-0.648297062
136,-0.142208608,-0.146186348,-0.578048783,-0.615871225
136.20000000000002,-0.250773333,-0.262063326,-0.500466718,-0.535285258
136.4,-0.339778541,-0.357501127,-0.383736347,-0.412819938
136.6,-0.402260636,-0.425031492,-0.236977144,-0.258043211
136.8,-0.433329233,-0.459367756,-0.071665144,-0.083059856
137,-0.430551033,-0.457819968,0.09926656495717566,0.0984384960358843
137.20000000000002,-0.394140973,-0.420506336,0.26244306819104307,0.2722475892578949
137.4,-0.326945562,-0.350344081,0.4050971902526824,0.4247657522782233
137.6,-0.23421962,-0.252820764,0.5160715632734778,0.5440613343425488
137.8,-0.123214084,-0.135563692,0.5866937144187914,0.6208081347602069
138,-0.002607733,-0.007741746,0.6114529953777772,0.6490188149811954
138.20000000000002,0.11817348943740191,0.12065342999444925,0.5884339850527107,0.6265070440534611
138.4,0.22969417404678819,0.23959021653052776,0.5194600189708871,0.5550608754205829
138.6,0.3232479285344499,0.3397821420721958,0.40994953984283133,0.440293896478422
138.8,0.3915380375685318,0.4134138184012289,0.2684851965402107,0.2912059166007577
139,0.4292463151482312,0.45475071740631706,0.10614065098122397,0.11946904346128855
139.20000000000002,0.4334470825370491,0.46058534327204576,-0.06439075,-0.061485872
139.4,0.40383308579415383,0.4304850796311834,-0.229789976,-0.237523713
139.6,0.34273658225654924,0.3668226340887219,-0.377154345,-0.394910052
139.8,0.2549441170888171,0.2745874250106429,-0.49500448,-0.521383224
140,0.1473200721684823,0.16099285736529323,-0.574176946,-0.607110473
140.20000000000002,0.028268696736242167,0.0349108322597467,-0.608536489,-0.645448203
140.4,-0.092923037,-0.093822283,-0.595448072,-0.633455885
140.6,-0.206810174,-0.215173246,-0.535976508,-0.572118066
140.8,-0.304525759,-0.319693931,-0.434796656,-0.466261527
141,-0.378470183,-0.399255925,-0.299825029,-0.324170178
141.20000000000002,-0.422901343,-0.447681525,-0.141597466,-0.15693764
141.4,-0.434379054,-0.461221815,0.027553582027685875,0.022400674052829098
141.6,-0.412029958,-0.438845331,0.19446006844493696,0.1998831865239934
141.8,-0.357612696,-0.382315107,0.34614171076534567,0.36170846894631165
142,-0.275378627,-0.296048765,0.47081392844818615,0.49530538466644985
142.20000000000002,-0.171739153,-0.186772789,0.5588011989026641,0.5903066747638829
142.4,-0.054765906,-0.062997894,0.6032845982924327,0.6393517351775219
142.6,0.06643717937217238,0.06564303763546606,0.6008282279846108,0.6386535028587765
142.8,0.18244197362861342,0.1891438246842963,0.5516429325076773,0.588289425820708
143,0.2842275710484992,0.2979018603974027,0.45956755328976895,0.49219074715223354
143.20000000000002,0.36388112138046375,0.38346324872515114,0.33176860832878974,0.35783804313953965
143.4,0.4152113784883354,0.4391785534642109,0.17818372085782533,0.195678376270361
143.6,0.4342289711449064,0.46071838221442357,0.01075100418591682,0.018314151424936857
143.8,0.4194559034223098,0.4464091536770665,-0.157517386,-0.160472614
144,0.37204026473829055,0.39736287351225386,-0.31354368,-0.326789222
144.20000000000002,0.2956673473392337,0.3173911200460976,-0.445199092,-0.467708266
144.4,0.19627393894377432,0.21270965664910366,-0.542244295,-0.57227134
144.6,0.08158802363907805,0.0914565216837089,-0.597123872,-0.632340882
144.8,-0.039471115,-0.036939339,-0.605556686,-0.643229068
145,-0.157484998,-0.162489837,-0.566867178,-0.604069227
145.20000000000002,-0.263267926,-0.275423717,-0.484043064,-0.517882454
145.4,-0.348581301,-0.366946105,-0.363504993,-0.391349353
145.6,-0.406774689,-0.429923101,-0.214612779,-0.234291159
145.8,-0.433304697,-0.459437995,-0.048939169,-0.058913359
146,-0.426090141,-0.45317572,0.12062701589397219,0.12114216466635813
146.20000000000002,-0.385676201,-0.411605471,0.28088234773969556,0.2918565617765406
146.4,-0.315194425,-0.337946744,0.41933591880938237,0.43992512770048847
146.6,-0.220121193,-0.237921423,0.5251837559576671,0.5537935213281914
146.8,-0.107853193,-0.119310361,0.5901529571558164,0.6245603142734315
147,0.012867007451679242,0.008650925808814647,0.6091481281627656,0.6466771745833231
147.20000000000002,0.13263186351249578,0.13599092084431108,0.580655856199755,0.6183820071445045
147.4,0.24210150162876592,0.25277923376147826,0.5068644773268072,0.5418455176370977
147.6,0.33273255360861176,0.34990125188280247,0.3935005627089066,0.42300255715742135
147.8,0.3974460091115302,0.41977044462160806,0.24938336108766818,0.27109874566300024
148,0.43118074200682865,0.45692197313685984,0.08574148943703352,0.09796798560589011
148.20000000000002,0.43129055570909386,0.4584413184609601,-0.084662515,-0.082887749
148.4,0.3977527433060557,0.4241940612497882,-0.248528096,-0.257352375
148.6,0.3331717955791101,0.3568385052185573,-0.39305656,-0.411798001
148.8,0.24257760990124672,0.2616199767107689,-0.506952227,-0.53415185
149,0.13303390752323996,0.1459624991002904,-0.581306359,-0.614843579
149.20000000000002,0.013087218586892602,0.018889752462447118,-0.610297435,-0.647553166
149.4,-0.107900649,-0.109679712,-0.591647237,-0.629710024
149.6,-0.220483846,-0.229707534,-0.526801117,-0.562695166
149.8,-0.315871246,-0.331820437,-0.420816536,-0.451734823
150,-0.386613713,-0.408043237,-0.281967954,-0.305492744
150.20000000000002,-0.427186635,-0.452422725,-0.121100489,-0.135391406
150.4,-0.434422072,-0.461493244,0.04921959384674394,0.04527997231479085
150.6,-0.407756255,-0.43454768,0.2156878877449182,0.22240651348953513
150.8,-0.349273456,-0.373692372,0.36530251125744084,0.3821527792507739
151,-0.263542608,-0.283682099,0.48638186007188533,0.5120441377144209
151.20000000000002,-0.157259678,-0.171547807,0.5694768911418134,0.6019437723228062
151.4,-0.038723637,-0.046046339,0.6081108021730052,0.6448416011466408
151.6,0.08281208610183832,0.08302438469881715,0.5992810343799118,0.6374048104679612
151.8,0.19786339171283296,0.20559124301808443,0.5436943992253437,0.5802327741399506
152,0.29745574208213854,0.3120928645101638,0.44570755248635496,0.47780920221150186
152.20000000000002,0.3738246780728635,0.394225774763788,0.31298560113609525,0.33814640578553845
152.4,0.4210213727715448,0.4455919316816553,0.1558989456114597,0.17216008279828632
152.6,0.4353754943444755,0.4621967088964327,-0.013287212,-0.007188247
152.8,0.4157801080841139,0.4427589483083885,-0.18137212,-0.18590394
153,0.36377626102865585,0.3888088961819784,-0.335250247,-0.350051822
153.20000000000002,0.2834309440523454,0.3045668154099633,-0.462933069,-0.486843091
153.4,0.18101815154947515,0.1966119933048322,-0.554483187,-0.5856304
153.60000000000002,0.0645283557668418,0.0733680161511676,-0.602785445,-0.638737503
153.8,-0.056955277,-0.055554812,-0.604099754,-0.642052023
154,-0.173965621,-0.180109223,-0.55834842,-0.595343939
154.20000000000002,-0.27738855,-0.290593718,-0.469119344,-0.50227741
154.4,-0.359173036,-0.378407714,-0.343382422,-0.370124887
154.60000000000002,-0.41295678,-0.436720302,-0.190945214,-0.20919536
154.8,-0.434560491,-0.461000714,-0.023687636,-0.032030195
155,-0.422311886,-0.449369494,0.14536438275143967,0.14757254309039652
155.20000000000002,-0.377174388,-0.402743167,0.30305159353182853,0.3156336473393683
155.4,-0.302670923,-0.32476148,0.43710552718225126,0.45907767329171784
155.60000000000002,-0.204608702,-0.221503058,0.5371007208320838,0.5667503016912615
155.8,-0.090626697,-0.101011686,0.5952644941959482,0.6302833271713686
156,0.030399194898578633,0.02733010216216098,0.6070803637643816,0.6447427739435853
156.20000000000002,0.1490465651250568,0.15353075853503687,0.571636379038811,0.6090134037481425
156.4,0.2560795394375537,0.2677670796521606,0.4916964573419543,0.5258817717551478
156.60000000000002,0.34316693485441147,0.3611477553148016,0.37348401142156407,0.4018205487868599
156.8,0.40352991637971447,0.42640474000665335,0.2261990744498791,0.24648317874342723
157,0.4324693403369521,0.45845833369417377,0.06130203760691319,0.0719562640185044
157.20000000000002,0.42773115722620736,0.4548122052360189,-0.108375998,-0.108181063
157.4,0.3896819566637063,0.4157478198856562,-0.26963065,-0.27991155
157.60000000000002,0.3212808930719617,0.3443028569258173,-0.409910104,-0.42986965
157.8,0.22784998594864608,0.2460356555772683,-0.518291644,-0.546379967
158,0.11666058786063781,0.1285933887415757,-0.586332027,-0.620364886
158.20000000000002,-0.003631551,0.0011177366625744287,-0.608722841,-0.646055178
158.4,-0.123659908,-0.126465891,-0.583708517,-0.621435138
158.60000000000002,-0.234075529,-0.244220662,-0.513221387,-0.548406614
158.8,-0.326274932,-0.342971746,-0.402736415,-0.432638464
159,-0.393070692,-0.415021091,-0.260844498,-0.283133134
159.20000000000002,-0.429251464,-0.454747579,-0.098588052,-0.111523201
159.4,-0.431989165,-0.459046002,0.07139865540172935,0.0688297791302753
159.60000000000002,-0.401060494,-0.427570374,0.23587203173056887,0.24387597620449628
159.8,-0.338865788,-0.362762408,0.38201120667345817,0.39997039896124553
160,-0.250243333,-0.269662894,0.498417484211483,0.5249370967383558
160.20000000000002,-0.142093561,-0.155520214,0.5760033159381758,0.6090209208857882
160.4,-0.022842213,-0.029226554,0.6087036390288422,0.6456483259532326
160.60000000000002,0.098216074239905,0.09937478677781919,0.5939510353366034,0.6319429118695005
160.8,0.21164202291005316,0.22025641856546796,0.5328778263844304,0.5689535325359765
161,0.3085882398255793,0.3239892382966466,0.4302303800391689,0.4615750385393135
161.20000000000002,0.38148952946429304,0.40247821133765227,0.29400174188970735,0.31816724340166186
161.4,0.42465396991041116,0.44959482901651415,0.13480903390672677,0.14990581477131643
161.60000000000002,0.43470791202551007,0.46165623951624857,-0.034934171,-0.030088458
161.8,0.4108601576096588,0.4377137899565799,-0.201986255,-0.207773438
162,0.35496466937890275,0.37962803568522757,-0.353310673,-0.369282947
162.20000000000002,0.2713767125669908,0.29192452325979873,-0.477095008,-0.50200876
162.4,0.1666134948595625,0.18144130091623928,-0.563674147,-0.59558627
162.60000000000002,0.0488458497326104,0.05679543092741446,-0.606285694,-0.64270538
162.8,-0.072739276,-0.072289282,-0.601598779,-0.639682713
163,-0.188656297,-0.195741626,-0.549975153,-0.586750185
163.20000000000002,-0.289861174,-0.303929274,-0.455441497,-0.488036267
163.4,-0.368457822,-0.388410885,-0.325375332,-0.35124391
163.60000000000002,-0.418314669,-0.442595366,-0.169927388,-0.18705077
163.8,-0.435543114,-0.462256334,-0.001229969,-0.008272067
164,-0.41880102,-0.445861926,0.1675515437116321,0.171139507073389
164.20000000000002,-0.369397161,-0.394694059,0.32324718075324765,0.3371838206934652
164.4,-0.291188637,-0.31274788,0.45371103170235677,0.4769062876317639
164.60000000000002,-0.190279264,-0.20641939,0.5487691555816865,0.5794097263822744
164.8,-0.074542822,-0.084005671,0.6010121545178081,0.6367061605828126
165,0.04699209161675851,0.04494315645251768,0.6063753556585545,0.6443347283808286
165.20000000000002,0.1648466008848628,0.17036949698043008,0.5644510189860079,0.6017143152695397
165.4,0.2698311136064565,0.28249316252164275,0.47852165281550163,0.5121813435380729
165.60000000000002,0.3537624521424354,0.3725741272289069,0.35529955543863945,0.38273283614187487
165.8,0.4101011553270531,0.4335937931942894,0.20440371930749696,0.22347379682654947
166,0.43446109236703156,0.4608016349977772,0.03760695109040447,0.046830025831166106
166.20000000000002,0.42495052396639577,0.4520846365479786,-0.132083414,-0.133421925
166.4,0.38231850619391716,0.4081308836957716,-0.291439448,-0.303230962
166.60000000000002,0.3098954718082674,0.332374681050323,-0.428044438,-0.449365429
166.8,0.2133325759022555,0.2307277976184293,-0.531259519,-0.560444806
167,0.10016037650843947,0.11111773940620734,-0.593052251,-0.627824274
167.20000000000002,-0.020798636,-0.017130931,-0.608620243,-0.646267614
167.4,-0.140117801,-0.144023288,-0.576763981,-0.61435249
167.60000000000002,-0.248501011,-0.259673191,-0.49997751,-0.534580811
167.8,-0.337506252,-0.355072933,-0.384254295,-0.41317808
168,-0.400203207,-0.42279452,-0.238617169,-0.259611147
168.20000000000002,-0.431712196,-0.457567486,-0.074415505,-0.085847894
168.4,-0.429583541,-0.45668855,0.09555880445975541,0.09457536376895073
168.60000000000002,-0.393987665,-0.420231401,0.2580677121675748,0.26760737950360713
168.8,-0.32770125,-0.351040197,0.40045720649686056,0.4197754196918357
169,-0.235890502,-0.254507688,0.511642045603746,0.5392332548109752
169.20000000000002,-0.125708551,-0.138154885,0.5829680801744912,0.6166823101633301
169.4,-0.005738588,-0.011045392,0.6088835558990875,0.6460971126522551
169.60000000000002,0.1146749081712829,0.11692030184341203,0.5873739332725864,0.6251888711944992
169.8,0.22615307036123014,0.23577552166613733,0.520114864184362,0.5555883268278483
170,0.3200129795002652,0.3362632003286411,0.41234443820166966,0.4427143579199776
170.20000000000002,0.3889437559043408,0.4105564402742797,0.2724533577235221,0.29535666907465
170.4,0.42757539476585965,0.45286780757898004,0.11133452010953557,0.1249874595040096
170.60000000000002,0.43289723607898617,0.45990001653334583,-0.058466125,-0.055127476
170.8,0.4044924966786715,0.4311029232595609,-0.223725158,-0.230962094
171,0.34457111114620853,0.3687166450638424,-0.371570621,-0.388821692
171.20000000000002,0.25779805910877684,0.27759770198739114,-0.490484554,-0.516408164
171.4,0.15093059196429368,0.16484138132692788,-0.571199181,-0.603779247
171.60000000000002,0.03229229091129762,0.039229596151808786,-0.607420947,-0.644120421
171.8,-0.088874652,-0.089452611,-0.596319074,-0.634280575
172,-0.203129302,-0.211179031,-0.538749199,-0.575015682
172.20000000000002,-0.301567446,-0.316463314,-0.439186866,-0.470933395
172.4,-0.376515225,-0.397098077,-0.305381767,-0.330132789
172.60000000000002,-0.422127768,-0.446794941,-0.147753633,-0.163578141
172.8,-0.434845083,-0.461675096,0.021417810031377778,0.01575602619157465
173,-0.413670235,-0.440572423,0.18894935376764077,0.1938947770096679
173.20000000000002,-0.360247871,-0.38512524,0.3417812555558517,0.35695210406650846
173.4,-0.278736861,-0.29964954,0.467995708163551,0.4922129752104249
173.60000000000002,-0.175486772,-0.190803433,0.5577470682619144,0.5891246758090616
173.8,-0.058543512,-0.06706862,0.6040291483928718,0.6401227725665031
174,0.0629775055871144,0.06191023963249277,0.6032240903396657,0.6412200104055399
174.20000000000002,0.1796022959398494,0.18607755458017877,0.5553849686868917,0.592320828805055
174.4,0.2822364530885739,0.29575086205525547,0.46423379112737556,0.497227584519511
174.60000000000002,0.36287527053110474,0.38237616004193686,0.3368711144017408,0.36334871056807133
174.8,0.4152279342565315,0.4391954317559726,0.18322413400739654,0.2011190196178617
175,0.4352087567024593,0.4617742285703793,0.015272757315584022,0.023186859215440347
175.20000000000002,0.42125635072633055,0.44834814250215665,-0.153885404,-0.156571231
175.4,0.37445584483482597,0.3999608564224227,-0.311056161,-0.324134538
175.60000000000002,0.2984546177476216,0.3203832152906063,-0.443979304,-0.466430905
175.8,0.19917801774402322,0.21581937232049875,-0.542284689,-0.572358863
176,0.0843673253860243,0.09442301370237033,-0.59830232,-0.633653502
176.20000000000002,-0.037024236,-0.034338868,-0.607661741,-0.645530986
176.4,-0.155529804,-0.160424331,-0.569631743,-0.607064722
176.60000000000002,-0.261907597,-0.274000267,-0.487179037,-0.521254947
176.8,-0.347861999,-0.366209373,-0.366735472,-0.394796701
177,-0.406690483,-0.42986127,-0.217697239,-0.237554407
177.20000000000002,-0.433806649,-0.459993348,-0.05168998,-0.061794533
177.4,-0.427097709,-0.454257715,0.1183381051919661,0.11877307908216223
177.60000000000002,-0.387089016,-0.413104058,0.2791264093156712,0.29006579445073366
177.8,-0.316902816,-0.339744157,0.4181369701241553,0.43872607974433914
178,-0.222014299,-0.239901063,0.5245322227392727,0.5531640464326969
178.20000000000002,-0.109824148,-0.121362266,0.5900207565619319,0.6244599704226633
178.4,0.010918810965532558,0.006628141575241903,0.609501707988727,0.6470618880409733
178.60000000000002,0.13080027459260957,0.13409040385356819,0.5814637624085449,0.6192146636880564
178.8,0.24047466176671128,0.2510877330946168,0.5080998388924873,0.5430992095548609
179,0.3313934165686113,0.3485008366473736,0.39513750565889116,0.4246563338362258
179.20000000000002,0.3964717868024087,0.41873879392027885,0.251388861058151,0.2731276658723045
179.4,0.43064040325397435,0.45633038255258845,0.08806414009604227,0.10033067822623046
